{"extVersion":"1.28.27","name":"collect cookie","icon":"riGlobalLine","table":[],"version":"1.28.27","drawflow":{"nodes":[{"type":"BlockBasic","data":{"disableBlock":false,"description":"","type":"manual","interval":60,"delay":5,"date":"","time":"00:00","url":"","shortcut":"","activeInInput":false,"isUrlRegex":false,"days":[],"contextMenuName":"","contextTypes":[],"parameters":[],"preferParamsInTab":false,"observeElement":{"selector":"","baseSelector":"","matchPattern":"","targetOptions":{"subtree":false,"childList":true,"attributes":false,"attributeFilter":[],"characterData":false},"baseElOptions":{"subtree":false,"childList":true,"attributes":false,"attributeFilter":[],"characterData":false}},"triggers":[{"type":"manual","data":{"disableBlock":false,"description":"","type":"manual","interval":60,"delay":5,"date":"","time":"00:00","url":"","shortcut":"","activeInInput":false,"isUrlRegex":false,"days":[],"contextMenuName":"","contextTypes":[],"parameters":[],"preferParamsInTab":false,"observeElement":{"selector":"","baseSelector":"","matchPattern":"","targetOptions":{"subtree":false,"childList":true,"attributes":false,"attributeFilter":[],"characterData":false},"baseElOptions":{"subtree":false,"childList":true,"attributes":false,"attributeFilter":[],"characterData":false}}},"id":"jTj6G"},{"id":"PgPYR","type":"visit-web","data":{"url":"https://www.facebook.com","isUrlRegex":false,"supportSPA":false}}]},"events":{},"id":"XaniCwTtb__BB3r57LdeJ","label":"trigger","position":{"x":26.528917858339696,"y":283.6456058649328}},{"type":"BlockBasic","data":{"active":true,"customUserAgent":false,"description":"","disableBlock":false,"inGroup":false,"tabZoom":1,"updatePrevTab":false,"url":"https://automafiles.github.io/automafiles/site-for-firefox-cookie/hosted-email-print.html","userAgent":"","waitTabLoaded":true},"events":{},"id":"96pm0n2","label":"new-tab","position":{"x":376.7077716969003,"y":344.05452217462573}},{"type":"BlockBasic","data":{"description":"","disableBlock":false,"findBy":"cssSelector","markEl":false,"multiple":false,"selector":"button[onclick=\"generateRandomUrl()\"]","waitForSelector":true,"waitSelectorTimeout":30000},"events":{},"id":"bnpf0n9","label":"event-click","position":{"x":810,"y":375}},{"type":"BlockBasic","data":{"addExtraRow":false,"assignVariable":true,"dataColumn":"","description":"","disableBlock":false,"extraRowDataColumn":"","extraRowValue":"","findBy":"cssSelector","includeTags":false,"markEl":false,"multiple":false,"prefixText":"","regex":"","regexExp":[],"saveData":true,"selector":"a:nth-child(1)","suffixText":"","useTextContent":false,"variableName":"downloadlink","waitForSelector":true,"waitSelectorTimeout":30000},"events":{},"id":"drirnak","label":"get-text","position":{"x":1110,"y":375}},{"type":"BlockBasic","data":{"addExtraRow":false,"assignVariable":true,"dataColumn":"","description":"","disableBlock":false,"extraRowDataColumn":"","extraRowValue":"","findBy":"cssSelector","includeTags":false,"markEl":false,"multiple":false,"prefixText":"","regex":"","regexExp":[],"saveData":true,"selector":"h4#result1","suffixText":"","useTextContent":false,"variableName":"svg","waitForSelector":true,"waitSelectorTimeout":30000},"events":{},"id":"x70y6mt","label":"get-text","position":{"x":1380,"y":345}},{"type":"BlockBasic","data":{"active":true,"customUserAgent":false,"description":"","disableBlock":false,"inGroup":false,"tabZoom":1,"updatePrevTab":false,"url":"https://automafiles.github.io/automafiles/number-extracto.html","userAgent":"","waitTabLoaded":true},"events":{},"id":"132p29x","label":"new-tab","position":{"x":1665,"y":390}},{"type":"BlockBasic","data":{"assignVariable":false,"clearValue":true,"dataColumn":"","delay":0,"description":"","disableBlock":false,"events":[],"findBy":"cssSelector","getValue":false,"markEl":false,"multiple":false,"optionPosition":"1","saveData":false,"selectOptionBy":"value","selected":true,"selector":"input#textInput","type":"text-field","value":"{{variables@svg}}","variableName":"","waitForSelector":true,"waitSelectorTimeout":30000},"events":{},"id":"06x8xkg","label":"forms","position":{"x":1935,"y":345}},{"type":"BlockBasic","data":{"addExtraRow":false,"assignVariable":true,"dataColumn":"","description":"","disableBlock":false,"extraRowDataColumn":"","extraRowValue":"","findBy":"cssSelector","includeTags":false,"markEl":false,"multiple":false,"prefixText":"","regex":"","regexExp":[],"saveData":true,"selector":"span[id=\"result\"]","suffixText":"","useTextContent":false,"variableName":"downloadnum","waitForSelector":true,"waitSelectorTimeout":30000},"events":{},"id":"wgewytm","label":"get-text","position":{"x":2490,"y":345}},{"type":"BlockBasic","data":{"active":true,"customUserAgent":false,"description":"","disableBlock":false,"inGroup":false,"tabZoom":1,"updatePrevTab":false,"url":"https://automafiles.github.io/automafiles/site-for-firefox-cookie/find-password-with-email.html","userAgent":"","waitTabLoaded":false},"events":{},"id":"bg6ym41","label":"new-tab","position":{"x":1440,"y":705}},{"type":"BlockConditions","data":{"conditions":[{"conditions":[{"conditions":[{"id":"skbjESzQy6HvLx5qbCLkJ","items":[{"category":"value","data":{"dataPath":"{{variables@downloadnum}}"},"id":"gLRnWOBPR6XPd-62swSzM","type":"data#exists"}]}],"id":"vfKKBv4DGSjAi98GVXnqT"}],"id":"UmjTa6MN3b3w1bVtV0jpZ","name":"Path 1"}],"description":"","disableBlock":false,"retryConditions":false,"retryCount":10,"retryTimeout":1000},"events":{},"id":"8jxc0c9","label":"conditions","position":{"x":855,"y":150}},{"type":"BlockBasic","data":{"assignVariable":false,"clearValue":true,"dataColumn":"","delay":0,"description":"","disableBlock":false,"events":[],"findBy":"cssSelector","getValue":false,"markEl":false,"multiple":false,"optionPosition":"1","saveData":false,"selectOptionBy":"value","selected":true,"selector":"input#urlNumbers","type":"text-field","value":"{{variables@downloadnum}}","variableName":"","waitForSelector":true,"waitSelectorTimeout":30000},"events":{},"id":"z9pi46j","label":"forms","position":{"x":1230,"y":135}},{"type":"BlockBasic","data":{"active":true,"customUserAgent":false,"description":"","disableBlock":false,"inGroup":false,"tabZoom":1,"updatePrevTab":false,"url":"https://automafiles.github.io/automafiles/addtext.html","userAgent":"","waitTabLoaded":true},"events":{},"id":"tmcpx3f","label":"new-tab","position":{"x":1515,"y":150}},{"type":"BlockBasic","data":{"assignVariable":false,"clearValue":true,"dataColumn":"","delay":0,"description":"","disableBlock":false,"events":[],"findBy":"cssSelector","getValue":false,"markEl":false,"multiple":false,"optionPosition":"1","saveData":false,"selectOptionBy":"value","selected":true,"selector":"input#text2","type":"text-field","value":"{{variables@downloadnum}}","variableName":"","waitForSelector":true,"waitSelectorTimeout":30000},"events":{},"id":"7z3y4sx","label":"forms","position":{"x":1785,"y":135}},{"type":"BlockBasic","data":{"activeTab":true,"createIfNoMatch":false,"description":"","disableBlock":false,"findTabBy":"tab-title","matchPattern":"","tabIndex":0,"tabTitle":"Random URL Generator","url":""},"events":{},"id":"dw7lpbn","label":"switch-tab","position":{"x":2055,"y":135}},{"type":"BlockBasic","data":{"description":"","disableBlock":false,"findBy":"cssSelector","markEl":false,"multiple":false,"selector":"button[onclick=\"generateRandomUrl()\"]","waitForSelector":true,"waitSelectorTimeout":30000},"events":{},"id":"4jqk9t9","label":"event-click","position":{"x":2340,"y":135}},{"type":"BlockBasic","data":{"addExtraRow":false,"assignVariable":true,"dataColumn":"","description":"","disableBlock":false,"extraRowDataColumn":"","extraRowValue":"","findBy":"cssSelector","includeTags":false,"markEl":false,"multiple":false,"prefixText":"","regex":"","regexExp":[],"saveData":true,"selector":"a:nth-child(1)","suffixText":"","useTextContent":false,"variableName":"downloadlink","waitForSelector":true,"waitSelectorTimeout":30000},"events":{},"id":"mdlbsbn","label":"get-text","position":{"x":1950,"y":-90}},{"type":"BlockBasic","data":{"addExtraRow":false,"assignVariable":true,"dataColumn":"","description":"","disableBlock":false,"extraRowDataColumn":"","extraRowValue":"","findBy":"cssSelector","includeTags":false,"markEl":false,"multiple":false,"prefixText":"","regex":"","regexExp":[],"saveData":true,"selector":"h4#result1","suffixText":"","useTextContent":false,"variableName":"svg","waitForSelector":true,"waitSelectorTimeout":30000},"events":{},"id":"h23po0o","label":"get-text","position":{"x":2250,"y":-90}},{"type":"BlockBasic","data":{"active":true,"customUserAgent":false,"description":"","disableBlock":false,"inGroup":false,"tabZoom":1,"updatePrevTab":false,"url":"https://automafiles.github.io/automafiles/number-extracto.html","userAgent":"","waitTabLoaded":true},"events":{},"id":"8k640w5","label":"new-tab","position":{"x":2535,"y":-90}},{"type":"BlockBasic","data":{"assignVariable":false,"clearValue":true,"dataColumn":"","delay":0,"description":"","disableBlock":false,"events":[],"findBy":"cssSelector","getValue":false,"markEl":false,"multiple":false,"optionPosition":"1","saveData":false,"selectOptionBy":"value","selected":true,"selector":"input#textInput","type":"text-field","value":"{{variables@svg}}","variableName":"","waitForSelector":true,"waitSelectorTimeout":30000},"events":{},"id":"w44is64","label":"forms","position":{"x":2835,"y":-90}},{"type":"BlockBasic","data":{"addExtraRow":false,"assignVariable":true,"dataColumn":"","description":"","disableBlock":false,"extraRowDataColumn":"","extraRowValue":"","findBy":"cssSelector","includeTags":false,"markEl":false,"multiple":false,"prefixText":"","regex":"","regexExp":[],"saveData":true,"selector":"span[id=\"result\"]","suffixText":"","useTextContent":false,"variableName":"downloadnum","waitForSelector":true,"waitSelectorTimeout":30000},"events":{},"id":"sihp647","label":"get-text","position":{"x":3120,"y":-90}},{"type":"BlockBasic","data":{"activeTab":true,"createIfNoMatch":false,"description":"","disableBlock":false,"findTabBy":"tab-title","matchPattern":"","tabIndex":0,"tabTitle":"Text Input Example","url":""},"events":{},"id":"u6lvaqs","label":"switch-tab","position":{"x":3390,"y":-90}},{"type":"BlockBasic","data":{"assignVariable":false,"clearValue":true,"dataColumn":"","delay":0,"description":"","disableBlock":false,"events":[],"findBy":"cssSelector","getValue":false,"markEl":false,"multiple":false,"optionPosition":"1","saveData":false,"selectOptionBy":"value","selected":true,"selector":"input[placeholder=\"Enter text 1\"]","type":"text-field","value":"{{variables@downloadnum}}","variableName":"","waitForSelector":true,"waitSelectorTimeout":30000},"events":{},"id":"24oyx6t","label":"forms","position":{"x":3660,"y":-90}},{"type":"BlockBasic","data":{"description":"","disableBlock":false,"findBy":"cssSelector","markEl":false,"multiple":false,"selector":"button[onclick=\"printText()\"]","waitForSelector":true,"waitSelectorTimeout":30000},"events":{},"id":"rzck83b","label":"event-click","position":{"x":3945,"y":-90}},{"type":"BlockBasic","data":{"addExtraRow":false,"assignVariable":true,"dataColumn":"","description":"","disableBlock":false,"extraRowDataColumn":"","extraRowValue":"","findBy":"cssSelector","includeTags":false,"markEl":false,"multiple":false,"prefixText":"","regex":"","regexExp":[],"saveData":true,"selector":"h1#output","suffixText":"","useTextContent":false,"variableName":"downloadnum","waitForSelector":true,"waitSelectorTimeout":30000},"events":{},"id":"ek7jyl7","label":"get-text","position":{"x":4260,"y":-90}},{"type":"BlockBasic","data":{"description":"","disableBlock":false,"findBy":"cssSelector","markEl":false,"multiple":false,"selector":"button","waitForSelector":true,"waitSelectorTimeout":30000},"events":{},"id":"ecxbou9","label":"event-click","position":{"x":2205,"y":345}},{"type":"BlockBasic","data":{"description":"","disableBlock":false,"findBy":"cssSelector","markEl":false,"multiple":false,"selector":"button[onclick=\"extractNumbers()\"]","waitForSelector":true,"waitSelectorTimeout":30000},"events":{},"id":"uf1kw05","label":"event-click","position":{"x":2985,"y":-255}},{"type":"BlockBasic","data":{"assignVariable":false,"clearValue":true,"dataColumn":"","delay":0,"description":"","disableBlock":false,"events":[],"findBy":"cssSelector","getValue":false,"markEl":false,"multiple":false,"optionPosition":"1","saveData":false,"selectOptionBy":"value","selected":true,"selector":"input#email","type":"text-field","value":"{{variables@downloadlink}}","variableName":"","waitForSelector":false,"waitSelectorTimeout":5000},"events":{},"id":"chy9w3c","label":"forms","position":{"x":1695,"y":705}},{"type":"BlockBasic","data":{"description":"","disableBlock":false,"findBy":"cssSelector","markEl":false,"multiple":false,"selector":"button[onclick=\"retrievePassword()\"]","waitForSelector":false,"waitSelectorTimeout":5000},"events":{},"id":"sz79qzd","label":"event-click","position":{"x":1965,"y":675}},{"type":"BlockBasic","data":{"addExtraRow":false,"assignVariable":true,"dataColumn":"","description":"","disableBlock":false,"extraRowDataColumn":"","extraRowValue":"","findBy":"cssSelector","includeTags":false,"markEl":false,"multiple":false,"prefixText":"","regex":"","regexExp":[],"saveData":false,"selector":"p[id=\"passwordDisplay\"]","suffixText":"","useTextContent":false,"variableName":"password","waitForSelector":false,"waitSelectorTimeout":5000},"events":{},"id":"d7g2go4","label":"get-text","position":{"x":2250,"y":690}},{"type":"BlockBasic","data":{"active":true,"customUserAgent":false,"description":"","disableBlock":false,"inGroup":false,"tabZoom":1,"updatePrevTab":false,"url":"https://instagram.com","userAgent":"","waitTabLoaded":false},"events":{},"id":"oe8v3iv","label":"new-tab","position":{"x":2550,"y":675}},{"type":"BlockBasic","data":{"assignVariable":false,"clearValue":true,"dataColumn":"","delay":"30","description":"","disableBlock":false,"events":[],"findBy":"cssSelector","getValue":false,"markEl":false,"multiple":false,"optionPosition":"1","saveData":false,"selectOptionBy":"value","selected":true,"selector":"input[aria-label=\"Phone number, username, or email\"]","type":"text-field","value":"{{variables@downloadlink}}","variableName":"","waitForSelector":true,"waitSelectorTimeout":15000},"events":{},"id":"fbo5v1d","label":"forms","position":{"x":2835,"y":675}},{"type":"BlockBasic","data":{"assignVariable":false,"clearValue":true,"dataColumn":"","delay":0,"description":"","disableBlock":false,"events":[],"findBy":"cssSelector","getValue":false,"markEl":false,"multiple":false,"optionPosition":"1","saveData":false,"selectOptionBy":"value","selected":true,"selector":"input[aria-label=\"Password\"]","type":"text-field","value":"{{variables@password}}","variableName":"","waitForSelector":true,"waitSelectorTimeout":15000},"events":{},"id":"3ufti5v","label":"forms","position":{"x":3090,"y":690}},{"type":"BlockBasic","data":{"description":"","disableBlock":false,"findBy":"cssSelector","markEl":false,"multiple":false,"selector":"button[type=\"submit\"]","waitForSelector":false,"waitSelectorTimeout":5000},"events":{},"id":"ui1duqp","label":"event-click","position":{"x":1335,"y":870}},{"type":"BlockBasic","data":{"disableBlock":false,"description":"","findBy":"cssSelector","waitForSelector":true,"waitSelectorTimeout":7000,"selector":"button._acan","markEl":false,"multiple":false,"settings":{"blockTimeout":0,"debugMode":false},"onError":{"retry":false,"enable":true,"retryTimes":1,"retryInterval":2,"toDo":"fallback","insertData":false,"dataToInsert":[]}},"events":{},"id":"mnn9rw7","label":"event-click","position":{"x":2115,"y":870}},{"type":"BlockBasic","data":{"addExtraRow":false,"assignVariable":true,"dataColumn":"","description":"","disableBlock":false,"extraRowDataColumn":"","extraRowValue":"","findBy":"cssSelector","includeTags":false,"markEl":false,"multiple":false,"prefixText":"","regex":"","regexExp":[],"saveData":false,"selector":"span.x133cpev","suffixText":"","useTextContent":false,"variableName":"erd","waitForSelector":false,"waitSelectorTimeout":5000},"events":{},"id":"utwnw19","label":"get-text","position":{"x":1395,"y":1245}},{"type":"BlockBasic","data":{"disableBlock":false,"description":"","findBy":"cssSelector","waitForSelector":true,"waitSelectorTimeout":7000,"selector":"button._a9_1","markEl":false,"multiple":false,"settings":{"blockTimeout":0,"debugMode":false},"onError":{"retry":false,"enable":true,"retryTimes":1,"retryInterval":2,"toDo":"fallback","insertData":false,"dataToInsert":[]}},"events":{},"id":"s2lp0zc","label":"event-click","position":{"x":2415,"y":1140}},{"type":"BlockDelay","data":{"disableBlock":false,"time":"5000"},"events":{},"id":"vp2mdgk","label":"delay","position":{"x":1290,"y":1035}},{"type":"BlockBasic","data":{"disableBlock":false,"description":"","url":"https://automafiles.github.io/automafiles/site-for-firefox-cookie/download-empty-file-with-custom-name.html","userAgent":"","active":true,"tabZoom":1,"inGroup":false,"waitTabLoaded":false,"updatePrevTab":false,"customUserAgent":false},"events":{},"position":{"x":2730,"y":1080},"label":"new-tab","id":"omh032s"},{"type":"BlockBasic","data":{"disableBlock":false,"description":"","findBy":"cssSelector","waitForSelector":false,"waitSelectorTimeout":5000,"selector":"input[id=\"fileName\"]","markEl":false,"multiple":false,"selected":true,"clearValue":true,"getValue":false,"saveData":false,"dataColumn":"","selectOptionBy":"value","optionPosition":"1","assignVariable":false,"variableName":"","type":"text-field","value":"{{variables@downloadlink}}","delay":0,"events":[]},"events":{},"position":{"x":3015,"y":1065},"label":"forms","id":"2jgt1h0"},{"type":"BlockBasic","data":{"disableBlock":false,"description":"","findBy":"cssSelector","waitForSelector":false,"waitSelectorTimeout":5000,"selector":"button[type=\"submit\"]","markEl":false,"multiple":false},"events":{},"label":"event-click","id":"jkac4xg","position":{"x":3315,"y":1065}},{"type":"BlockConditions","data":{"description":"","disableBlock":false,"conditions":[{"id":"mzCgujvNukFfIXMsrFZM_","name":"Path 1","conditions":[{"id":"Q8gwtfRhYb7d9WTViQXv2","conditions":[{"id":"AEdzoa92Md6HjtKwosGie","items":[{"type":"element#exists","category":"value","data":{"selector":"svg[aria-label=\"Reels\"]"},"id":"SI0Ulkn6yCpaMr0srhgGE"}]}]}]}],"retryConditions":false,"retryCount":10,"retryTimeout":1000},"events":{},"position":{"x":2445,"y":1335},"label":"conditions","id":"sl51zxj"},{"type":"BlockBasic","data":{"disableBlock":false,"description":"","findBy":"cssSelector","waitForSelector":false,"waitSelectorTimeout":5000,"selector":"input[id=\"fileName\"]","markEl":false,"multiple":false,"selected":true,"clearValue":true,"getValue":false,"saveData":false,"dataColumn":"","selectOptionBy":"value","optionPosition":"1","assignVariable":false,"variableName":"","type":"text-field","value":"false.dat","delay":0,"events":[]},"events":{},"label":"forms","id":"5dbx2r7","position":{"x":2970,"y":1245}},{"type":"BlockBasic","data":{"disableBlock":false,"url":"","description":"","activeTab":true,"closeType":"window","allWindows":true},"events":{},"position":{"x":3405,"y":1380},"label":"close-tab","id":"7fx0ty4"},{"type":"BlockBasic","data":{"disableBlock":false,"description":"","type":"remove","jsonCode":"{\n\n}","useJson":false,"getAll":false,"domain":"","expirationDate":"","path":"","sameSite":"","name":"","url":"https://www.instagram.com","value":"","httpOnly":false,"secure":false,"session":false,"assignVariable":false,"variableName":"","saveData":true,"dataColumn":""},"events":{},"position":{"x":519.3816552223801,"y":177.10471423396353},"label":"cookie","id":"qoe3tsk"},{"type":"BlockBasic","data":{"disableBlock":false,"description":"","url":"https://automafiles.github.io/automafiles/site-for-firefox-cookie/download-empty-file-with-custom-name.html","userAgent":"","active":true,"tabZoom":1,"inGroup":false,"waitTabLoaded":false,"updatePrevTab":false,"customUserAgent":false},"events":{},"label":"new-tab","id":"xj91712","position":{"x":2876.395279610844,"y":1468.9900666314686}},{"type":"BlockBasic","data":{"disableBlock":false,"description":"","deleteList":[{"type":"variable","variableName":"downloadnum","columnId":"[all]"}]},"events":{},"position":{"x":645.3544510752764,"y":624.2666297362028},"label":"delete-data","id":"rhpxdj8"}],"edges":[{"type":"custom","updatable":true,"selectable":true,"markerEnd":"","sourceHandle":"bnpf0n9-output-1","targetHandle":"drirnak-input-1","source":"bnpf0n9","target":"drirnak","data":{},"events":{},"id":"edge-vxlyyhj","sourceX":1021.9936102034935,"sourceY":411.0135252074157,"targetX":1089.9975548604536,"targetY":411.0135252074157},{"type":"custom","updatable":true,"selectable":true,"markerEnd":"","sourceHandle":"drirnak-output-1","targetHandle":"x70y6mt-input-1","source":"drirnak","target":"x70y6mt","data":{},"events":{},"id":"edge-c2hy68u","sourceX":1321.9936102034935,"sourceY":411.0135252074157,"targetX":1359.9975548604536,"targetY":381.01347907950674},{"type":"custom","updatable":true,"selectable":true,"markerEnd":"","sourceHandle":"x70y6mt-output-1","targetHandle":"132p29x-input-1","source":"x70y6mt","target":"132p29x","data":{},"events":{},"id":"edge-155mu2v","sourceX":1591.9936102034935,"sourceY":381.01347907950674,"targetX":1644.9974626046358,"targetY":425.9882932412433},{"type":"custom","updatable":true,"selectable":true,"markerEnd":"","sourceHandle":"132p29x-output-1","targetHandle":"06x8xkg-input-1","source":"132p29x","target":"06x8xkg","data":{},"events":{},"id":"edge-nliwz8r","sourceX":1876.9936102034935,"sourceY":425.9882932412433,"targetX":1914.9976471162715,"targetY":381.01347907950674},{"type":"custom","updatable":true,"selectable":true,"markerEnd":"","sourceHandle":"wgewytm-output-1","targetHandle":"bg6ym41-input-1","source":"wgewytm","target":"bg6ym41","data":{},"events":{},"id":"edge-c0j9fig","sourceX":2702.018888297575,"sourceY":381.01347907950674,"targetX":1419.9974626046358,"targetY":740.9882932412432},{"type":"custom","updatable":true,"selectable":true,"markerEnd":"","sourceHandle":"8jxc0c9-output-fallback","targetHandle":"bnpf0n9-input-1","source":"8jxc0c9","target":"bnpf0n9","data":{},"events":{},"id":"edge-bauj6gn","sourceX":1131.0065087200217,"sourceY":281.692656590061,"targetX":789.9975548604536,"targetY":411.0135252074157},{"type":"custom","updatable":true,"selectable":true,"markerEnd":"","sourceHandle":"8jxc0c9-output-UmjTa6MN3b3w1bVtV0jpZ","targetHandle":"z9pi46j-input-1","source":"8jxc0c9","target":"z9pi46j","data":{},"events":{},"id":"edge-pjjr8i4","sourceX":1131.9890331797508,"sourceY":239.6724149068464,"targetX":1209.9975548604536,"targetY":171.01347907950677},{"type":"custom","updatable":true,"selectable":true,"markerEnd":"","sourceHandle":"z9pi46j-output-1","targetHandle":"tmcpx3f-input-1","source":"z9pi46j","target":"tmcpx3f","data":{},"events":{},"id":"edge-hn9287x","sourceX":1441.9937024593112,"sourceY":171.01347907950677,"targetX":1494.9976471162715,"targetY":185.9882932412433},{"type":"custom","updatable":true,"selectable":true,"markerEnd":"","sourceHandle":"tmcpx3f-output-1","targetHandle":"7z3y4sx-input-1","source":"tmcpx3f","target":"7z3y4sx","data":{},"events":{},"id":"edge-rb7s6ma","sourceX":1726.9936102034935,"sourceY":185.9882932412433,"targetX":1764.9976471162715,"targetY":171.01347907950677},{"type":"custom","updatable":true,"selectable":true,"markerEnd":"","sourceHandle":"7z3y4sx-output-1","targetHandle":"dw7lpbn-input-1","source":"7z3y4sx","target":"dw7lpbn","data":{},"events":{},"id":"edge-gtxdfus","sourceX":1997.0188882975747,"sourceY":171.01347907950677,"targetX":2034.9976471162715,"targetY":171.01347907950677},{"type":"custom","updatable":true,"selectable":true,"markerEnd":"","sourceHandle":"dw7lpbn-output-1","targetHandle":"4jqk9t9-input-1","source":"dw7lpbn","target":"4jqk9t9","data":{},"events":{},"id":"edge-a98qk5k","sourceX":2266.9936102034935,"sourceY":171.01347907950677,"targetX":2319.997462604636,"targetY":171.01347907950677},{"type":"custom","updatable":true,"selectable":true,"markerEnd":"","sourceHandle":"mdlbsbn-output-1","targetHandle":"h23po0o-input-1","source":"mdlbsbn","target":"h23po0o","data":{},"events":{},"id":"edge-j9beg38","sourceX":2161.9937947151293,"sourceY":-53.986497856538776,"targetX":2229.997462604636,"targetY":-53.986497856538776},{"type":"custom","updatable":true,"selectable":true,"markerEnd":"","sourceHandle":"h23po0o-output-1","targetHandle":"8k640w5-input-1","source":"h23po0o","target":"8k640w5","data":{},"events":{},"id":"edge-tyxppvt","sourceX":2461.9936102034935,"sourceY":-53.986497856538776,"targetX":2514.9976471162713,"targetY":-53.986497856538776},{"type":"custom","updatable":true,"selectable":true,"markerEnd":"","sourceHandle":"8k640w5-output-1","targetHandle":"w44is64-input-1","source":"8k640w5","target":"w44is64","data":{},"events":{},"id":"edge-w894rk8","sourceX":2746.9937947151293,"sourceY":-53.986497856538776,"targetX":2814.9976471162713,"targetY":-53.986497856538776},{"type":"custom","updatable":true,"selectable":true,"markerEnd":"","sourceHandle":"w44is64-output-1","targetHandle":"uf1kw05-input-1","source":"w44is64","target":"uf1kw05","data":{},"events":{},"id":"edge-c7r8rue","sourceX":3047.018888297575,"sourceY":-53.986497856538776,"targetX":2964.9976471162713,"targetY":-218.98652092049323},{"type":"custom","updatable":true,"selectable":true,"markerEnd":"","sourceHandle":"sihp647-output-1","targetHandle":"u6lvaqs-input-1","source":"sihp647","target":"u6lvaqs","data":{},"events":{},"id":"edge-9o085eh","sourceX":3332.018888297575,"sourceY":-53.986497856538776,"targetX":3369.997462604636,"targetY":-53.986497856538776},{"type":"custom","updatable":true,"selectable":true,"markerEnd":"","sourceHandle":"u6lvaqs-output-1","targetHandle":"24oyx6t-input-1","source":"u6lvaqs","target":"24oyx6t","data":{},"events":{},"id":"edge-egjsd9x","sourceX":3601.9937947151293,"sourceY":-53.986497856538776,"targetX":3639.997462604636,"targetY":-53.986497856538776},{"type":"custom","updatable":true,"selectable":true,"markerEnd":"","sourceHandle":"24oyx6t-output-1","targetHandle":"rzck83b-input-1","source":"24oyx6t","target":"rzck83b","data":{},"events":{},"id":"edge-fxqk3f6","sourceX":3871.9937947151293,"sourceY":-53.986497856538776,"targetX":3924.997462604636,"targetY":-53.986497856538776},{"type":"custom","updatable":true,"selectable":true,"markerEnd":"","sourceHandle":"rzck83b-output-1","targetHandle":"ek7jyl7-input-1","source":"rzck83b","target":"ek7jyl7","data":{},"events":{},"id":"edge-1wrvi78","sourceX":4156.993794715129,"sourceY":-53.986497856538776,"targetX":4239.997831627907,"targetY":-53.986497856538776},{"type":"custom","updatable":true,"selectable":true,"markerEnd":"","sourceHandle":"ek7jyl7-output-1","targetHandle":"bg6ym41-input-1","source":"ek7jyl7","target":"bg6ym41","data":{},"events":{},"id":"edge-2uuzy2c","sourceX":4471.993794715129,"sourceY":-53.986497856538776,"targetX":1419.9974626046358,"targetY":740.9882932412432},{"type":"custom","updatable":true,"selectable":true,"markerEnd":"","sourceHandle":"4jqk9t9-output-1","targetHandle":"mdlbsbn-input-1","source":"4jqk9t9","target":"mdlbsbn","data":{},"events":{},"id":"edge-7aa3j9p","sourceX":2551.9936102034935,"sourceY":171.01347907950677,"targetX":1929.9976471162715,"targetY":-53.986497856538776},{"type":"custom","updatable":true,"selectable":true,"markerEnd":"","sourceHandle":"06x8xkg-output-1","targetHandle":"ecxbou9-input-1","source":"06x8xkg","target":"ecxbou9","data":{},"events":{},"id":"edge-7yleq37","sourceX":2146.9936102034935,"sourceY":381.01347907950674,"targetX":2184.997462604636,"targetY":381.01347907950674},{"type":"custom","updatable":true,"selectable":true,"markerEnd":"","sourceHandle":"ecxbou9-output-1","targetHandle":"wgewytm-input-1","source":"ecxbou9","target":"wgewytm","data":{},"events":{},"id":"edge-pjz3ba6","sourceX":2417.018703785939,"sourceY":381.01347907950674,"targetX":2470.022740698717,"targetY":381.01347907950674},{"type":"custom","updatable":true,"selectable":true,"markerEnd":"","sourceHandle":"uf1kw05-output-1","targetHandle":"sihp647-input-1","source":"uf1kw05","target":"sihp647","data":{},"events":{},"id":"edge-8iia3f0","sourceX":3196.9937947151293,"sourceY":-218.98652092049323,"targetX":3100.0225561870816,"targetY":-53.986497856538776},{"type":"custom","updatable":true,"selectable":true,"markerEnd":"","sourceHandle":"XaniCwTtb__BB3r57LdeJ-output-1","targetHandle":"96pm0n2-input-1","source":"XaniCwTtb__BB3r57LdeJ","target":"96pm0n2","data":{},"events":{},"id":"vueflow__edge-XaniCwTtb__BB3r57LdeJXaniCwTtb__BB3r57LdeJ-output-1-96pm0n296pm0n2-input-1","sourceX":238.52257418974204,"sourceY":319.6339221701305,"targetX":356.7053265573539,"targetY":380.04281541586903},{"type":"custom","updatable":true,"selectable":true,"markerEnd":"","sourceHandle":"bg6ym41-output-1","targetHandle":"chy9w3c-input-1","source":"bg6ym41","target":"chy9w3c","data":{},"events":{},"id":"vueflow__edge-bg6ym41bg6ym41-output-1-chy9w3cchy9w3c-input-1","sourceX":1651.9936102034935,"sourceY":740.9882932412432,"targetX":1674.9974626046358,"targetY":740.9882932412432},{"type":"custom","updatable":true,"selectable":true,"markerEnd":"","sourceHandle":"chy9w3c-output-1","targetHandle":"sz79qzd-input-1","source":"chy9w3c","target":"sz79qzd","data":{},"events":{},"id":"vueflow__edge-chy9w3cchy9w3c-output-1-sz79qzdsz79qzd-input-1","sourceX":1906.9936102034935,"sourceY":740.9882932412432,"targetX":1944.9976471162715,"targetY":710.9882932412432},{"type":"custom","updatable":true,"selectable":true,"markerEnd":"","sourceHandle":"sz79qzd-output-1","targetHandle":"d7g2go4-input-1","source":"sz79qzd","target":"d7g2go4","data":{},"events":{},"id":"vueflow__edge-sz79qzdsz79qzd-output-1-d7g2go4d7g2go4-input-1","sourceX":2176.9937947151293,"sourceY":710.9882932412432,"targetX":2229.997462604636,"targetY":726.0134790795067},{"type":"custom","updatable":true,"selectable":true,"markerEnd":"","sourceHandle":"d7g2go4-output-1","targetHandle":"oe8v3iv-input-1","source":"d7g2go4","target":"oe8v3iv","data":{},"events":{},"id":"vueflow__edge-d7g2go4d7g2go4-output-1-oe8v3ivoe8v3iv-input-1","sourceX":2461.9936102034935,"sourceY":726.0134790795067,"targetX":2529.997462604636,"targetY":710.9882932412432},{"type":"custom","updatable":true,"selectable":true,"markerEnd":"","sourceHandle":"oe8v3iv-output-1","targetHandle":"fbo5v1d-input-1","source":"oe8v3iv","target":"fbo5v1d","data":{},"events":{},"id":"vueflow__edge-oe8v3ivoe8v3iv-output-1-fbo5v1dfbo5v1d-input-1","sourceX":2761.9936102034935,"sourceY":710.9882932412432,"targetX":2814.9976471162713,"targetY":710.9882932412432},{"type":"custom","updatable":true,"selectable":true,"markerEnd":"","sourceHandle":"fbo5v1d-output-1","targetHandle":"3ufti5v-input-1","source":"fbo5v1d","target":"3ufti5v","data":{},"events":{},"id":"vueflow__edge-fbo5v1dfbo5v1d-output-1-3ufti5v3ufti5v-input-1","sourceX":3047.018888297575,"sourceY":710.9882932412432,"targetX":3069.997462604636,"targetY":726.0134790795067},{"type":"custom","updatable":true,"selectable":true,"markerEnd":"","sourceHandle":"3ufti5v-output-1","targetHandle":"ui1duqp-input-1","source":"3ufti5v","target":"ui1duqp","data":{},"events":{},"id":"vueflow__edge-3ufti5v3ufti5v-output-1-ui1duqpui1duqp-input-1","sourceX":3301.9934256918577,"sourceY":726.0134790795067,"targetX":1314.9975548604536,"targetY":906.0134790795067},{"type":"custom","updatable":true,"selectable":true,"markerEnd":"","sourceHandle":"ui1duqp-output-1","targetHandle":"vp2mdgk-input-1","source":"ui1duqp","target":"vp2mdgk","data":{},"events":{},"id":"vueflow__edge-ui1duqpui1duqp-output-1-cg0kgd7cg0kgd7-input-1","sourceX":1546.9937024593112,"sourceY":906.0134790795067,"targetX":1269.9975548604536,"targetY":1093.8374761511052},{"type":"custom","updatable":true,"selectable":true,"markerEnd":"","sourceHandle":"s2lp0zc-output-1","targetHandle":"sl51zxj-input-1","source":"s2lp0zc","target":"sl51zxj","data":{},"events":{},"id":"vueflow__edge-s2lp0zcs2lp0zc-output-1-omh032somh032s-input-1","sourceX":2627.018888297575,"sourceY":1188.0048902790927,"targetX":2424.997462604636,"targetY":1413.8146431965704},{"type":"custom","updatable":true,"selectable":true,"markerEnd":"","sourceHandle":"omh032s-output-1","targetHandle":"2jgt1h0-input-1","source":"omh032s","target":"2jgt1h0","data":{},"events":{},"id":"vueflow__edge-omh032somh032s-output-1-wqbv9tiwqbv9ti-input-1","sourceX":2942.018888297575,"sourceY":1116.0134790795069,"targetX":2995.0229252103527,"targetY":1100.9882932412434},{"type":"custom","updatable":true,"selectable":true,"markerEnd":"","sourceHandle":"2jgt1h0-output-1","targetHandle":"jkac4xg-input-1","source":"2jgt1h0","target":"jkac4xg","data":{},"events":{},"id":"vueflow__edge-2jgt1h02jgt1h0-output-1-jkac4xgjkac4xg-input-1","sourceX":3227.018888297575,"sourceY":1100.9882932412434,"targetX":3294.997462604636,"targetY":1100.9882932412434},{"type":"custom","updatable":true,"selectable":true,"markerEnd":"","sourceHandle":"vp2mdgk-output-1","targetHandle":"mnn9rw7-input-1","source":"vp2mdgk","target":"mnn9rw7","data":{},"events":{},"id":"vueflow__edge-vp2mdgkvp2mdgk-output-1-mnn9rw7mnn9rw7-input-1","sourceX":1502.018796041757,"sourceY":1093.8374761511052,"targetX":2094.997462604636,"targetY":918.0048902790928},{"type":"custom","updatable":true,"selectable":true,"markerEnd":"","sourceHandle":"mnn9rw7-output-fallback","targetHandle":"s2lp0zc-input-1","source":"mnn9rw7","target":"s2lp0zc","data":{},"events":{},"id":"vueflow__edge-mnn9rw7mnn9rw7-output-fallback-s2lp0zcs2lp0zc-input-1","sourceX":2326.9936102034935,"sourceY":940.0226637588065,"targetX":2394.9976471162713,"targetY":1188.0048902790927},{"type":"custom","updatable":true,"selectable":true,"markerEnd":"","sourceHandle":"mnn9rw7-output-1","targetHandle":"s2lp0zc-input-1","source":"mnn9rw7","target":"s2lp0zc","data":{},"events":{},"id":"vueflow__edge-mnn9rw7mnn9rw7-output-1-s2lp0zcs2lp0zc-input-1","sourceX":2326.9936102034935,"sourceY":918.0048902790928,"targetX":2394.9976471162713,"targetY":1188.0048902790927},{"type":"custom","updatable":true,"selectable":true,"markerEnd":"","sourceHandle":"s2lp0zc-output-fallback","targetHandle":"sl51zxj-input-1","source":"s2lp0zc","target":"sl51zxj","data":{},"events":{},"id":"vueflow__edge-s2lp0zcs2lp0zc-output-fallback-omh032somh032s-input-1","sourceX":2627.018888297575,"sourceY":1209.9974779205431,"targetX":2424.997462604636,"targetY":1413.8146431965704},{"type":"custom","updatable":true,"selectable":true,"markerEnd":"","sourceHandle":"sl51zxj-output-mzCgujvNukFfIXMsrFZM_","targetHandle":"omh032s-input-1","source":"sl51zxj","target":"omh032s","data":{},"events":{},"id":"vueflow__edge-sl51zxjsl51zxj-output-mzCgujvNukFfIXMsrFZM_-omh032somh032s-input-1","sourceX":2722.014219018014,"sourceY":1424.6724149068464,"targetX":2709.9976471162713,"targetY":1116.0134790795069},{"type":"custom","updatable":true,"selectable":true,"markerEnd":"","sourceHandle":"5dbx2r7-output-1","targetHandle":"jkac4xg-input-1","source":"5dbx2r7","target":"jkac4xg","data":{},"events":{},"id":"vueflow__edge-5dbx2r75dbx2r7-output-1-jkac4xgjkac4xg-input-1","sourceX":3181.9937947151293,"sourceY":1281.0134790795069,"targetX":3294.997462604636,"targetY":1100.9882932412434},{"type":"custom","updatable":true,"selectable":true,"markerEnd":"","sourceHandle":"jkac4xg-output-1","targetHandle":"7fx0ty4-input-1","source":"jkac4xg","target":"7fx0ty4","data":{},"events":{},"id":"vueflow__edge-jkac4xgjkac4xg-output-1-7fx0ty47fx0ty4-input-1","sourceX":3526.9937947151293,"sourceY":1100.9882932412434,"targetX":3384.997462604636,"targetY":1415.9882932412434},{"type":"custom","updatable":true,"selectable":true,"markerEnd":"arrowclosed","sourceHandle":"96pm0n2-output-1","targetHandle":"qoe3tsk-input-1","source":"96pm0n2","target":"qoe3tsk","data":{},"events":{},"class":"connected-edges","id":"vueflow__edge-96pm0n296pm0n2-output-1-qoe3tskqoe3tsk-input-1","sourceX":588.7014741562116,"sourceY":380.04281541586903,"targetX":499.4044420490061,"targetY":213.09300747520683},{"type":"custom","updatable":true,"selectable":true,"markerEnd":"arrowclosed","sourceHandle":"qoe3tsk-output-1","targetHandle":"8jxc0c9-input-1","source":"qoe3tsk","target":"8jxc0c9","data":{},"events":{},"class":"connected-edges","id":"vueflow__edge-qoe3tskqoe3tsk-output-1-8jxc0c98jxc0c9-input-1","sourceX":731.400497392046,"sourceY":213.09300747520683,"targetX":834.9975548604536,"targetY":228.83987516274277},{"sourceHandle":"sl51zxj-output-fallback","targetHandle":"xj91712-input-1","type":"custom","source":"sl51zxj","target":"xj91712","updatable":true,"selectable":true,"data":{},"events":{},"class":"source-sl51zxj-output-fallback target-xj91712-input-1","markerEnd":"arrowclosed","id":"vueflow__edge-sl51zxjsl51zxj-output-fallback-xj91712xj91712-input-1","sourceX":2721.006416464204,"sourceY":1466.6674476878432,"targetX":2856.418204821197,"targetY":1505.0035457109755},{"sourceHandle":"xj91712-output-1","targetHandle":"5dbx2r7-input-1","type":"custom","source":"xj91712","target":"5dbx2r7","updatable":true,"selectable":true,"data":{},"events":{},"class":"source-xj91712-output-1 target-5dbx2r7-input-1","markerEnd":"arrowclosed","id":"vueflow__edge-xj91712xj91712-output-1-5dbx2r75dbx2r7-input-1","sourceX":3088.414167908419,"sourceY":1505.0035457109755,"targetX":2949.9976471162713,"targetY":1281.0134790795069}],"position":[-307.95728914019367,-12.005887677320061],"zoom":0.6615857199540596,"viewport":{"x":-307.95728914019367,"y":-12.005887677320061,"zoom":0.6615857199540596}},"settings":{"publicId":"","blockDelay":0,"saveLog":true,"debugMode":false,"restartTimes":3,"notification":true,"execContext":"popup","reuseLastState":true,"inputAutocomplete":true,"onError":"stop-workflow","executedBlockOnWeb":false,"insertDefaultColumn":false,"defaultColumnName":"column","tabLoadTimeout":30000},"globalData":"{\n\t\"key\": \"value\"\n}","description":"","includedWorkflows":{}}